username,nim,nama
bagas,220104023,"Rasendriya Bagas Utomo"
aldrin,240104001,"Aldrin Sandeanto"
auriel,240104002,"Auriel Argi Ristama"
bani,240104003,"Bani Ismoyo"
raoul,240104004,"Jalalludin Raoul Aswar"
raihan,240104006,"Muhammad Raihan Hibatullah"
rizki,240104007,"Rizki Dwi Lestari"
rasya,240104008,"Muhammad Rasya Robi Ahnaf Sandjoyo"
najwa,240104009,"Najwa Kania Hafizhah"
roikhan,240104010,"Roikhan Nur Fauzi"
novi,240104012,"Novi Ardianto"
yusuf,240104013,"Yusuf Rizal Indrianto"
ayu,240104014,"Prihatin Puji Ayu Lestari"
rifky,240104015,"Raja Rifky Rahmadani"
dedy,240104017,"Dedy Nurcahya"
soffin,240104019,"Muhammad Soffin Halim Sampurna"
